match_id,series_id,series_name,match_desc,match_format,gender,start_date,end_date,year,month,team1_id,team1_name,team1_code,team2_id,team2_name,team2_code,winner_name,winner_code,win_type,win_margin,venue,city,lat,lon,inn1_runs,inn1_wkts,inn1_overs_dec,inn1_run_rate,inn2_runs,inn2_wkts,inn2_overs_dec,inn2_run_rate,inn3_runs,inn3_wkts,inn3_overs_dec,inn4_runs,inn4_wkts,inn4_overs_dec,first_inns_score,second_inns_score,total_match_runs,status
78635,6927,"England tour of India, 2024",2nd Test,TEST,Men,2024-02-02,2024-02-06,2024,2,2,India,IND,9,England,ENG,India,IND,Runs,106,Dr. Y.S. Rajasekhara Reddy ACA-VDCA Cricket Stadium,Visakhapatnam,17.797459,83.352254,396,10,112.0,3.54,253,10,55.833,4.53,255,10,78.5,292,10,69.333,396,253,1196,India won by 106 runs
78082,6892,"South Africa tour of New Zealand, 2024",2nd Test,TEST,Men,2024-02-12,2024-02-17,2024,2,11,South Africa,RSA,13,New Zealand,NZ,New Zealand,NZ,Wickets,7,Seddon Park,Hamilton,-37.786654,175.266647,242,10,97.333,2.49,211,10,77.5,2.72,235,10,69.833,269,3,94.333,242,211,957,New Zealand won by 7 wkts
78075,6892,"South Africa tour of New Zealand, 2024",1st Test,TEST,Men,2024-02-03,2024-02-08,2024,2,13,New Zealand,NZ,11,South Africa,RSA,New Zealand,NZ,Runs,281,Bay Oval,Mount Maunganui,-37.6703,176.212006,511,10,144.0,3.55,162,10,72.833,2.22,179,4,43.0,247,10,80.0,511,162,1099,New Zealand won by 281 runs
87901,7481,"Afghanistan tour of Sri Lanka, 2024",1st T20I,T20,Men,2024-02-17,2024-02-17,2024,2,5,Sri Lanka,SL,96,Afghanistan,AFG,Sri Lanka,SL,Runs,4,Rangiri Dambulla International Stadium,Dambulla,7.859556,80.634026,160,10,19.0,8.42,156,9,20.0,7.8,,,,,,,160,156,316,Sri Lanka won by 4 runs
87897,7481,"Afghanistan tour of Sri Lanka, 2024",3rd ODI,ODI,Men,2024-02-14,2024-02-14,2024,2,96,Afghanistan,AFG,5,Sri Lanka,SL,Sri Lanka,SL,Wickets,7,Pallekele International Cricket Stadium,Pallekele,7.280691,80.722493,266,10,48.333,5.5,267,3,35.333,7.56,,,,,,,266,267,533,Sri Lanka won by 7 wkts
87894,7481,"Afghanistan tour of Sri Lanka, 2024",2nd ODI,ODI,Men,2024-02-11,2024-02-11,2024,2,5,Sri Lanka,SL,96,Afghanistan,AFG,Sri Lanka,SL,Runs,155,Pallekele International Cricket Stadium,Pallekele,7.280691,80.722493,308,6,50.0,6.16,153,10,33.833,4.52,,,,,,,308,153,461,Sri Lanka won by 155 runs
87887,7481,"Afghanistan tour of Sri Lanka, 2024",1st ODI,ODI,Men,2024-02-09,2024-02-09,2024,2,5,Sri Lanka,SL,96,Afghanistan,AFG,Sri Lanka,SL,Runs,42,Pallekele International Cricket Stadium,Pallekele,7.280691,80.722493,381,3,50.0,7.62,339,6,50.0,6.78,,,,,,,381,339,720,Sri Lanka won by 42 runs
87880,7481,"Afghanistan tour of Sri Lanka, 2024",Only Test,TEST,Men,2024-02-02,2024-02-06,2024,2,96,Afghanistan,AFG,5,Sri Lanka,SL,Sri Lanka,SL,Wickets,10,Sinhalese Sports Club,Colombo,6.905929,79.869403,198,10,62.667,3.16,439,10,109.333,4.02,296,10,112.5,56,,7.333,198,439,989,Sri Lanka won by 10 wkts
89040,7553,"Canada tour of Nepal, 2024",3rd ODI,ODI,Men,2024-02-12,2024-02-12,2024,2,26,Canada,CAN,72,Nepal,NEP,Nepal,NEP,Wickets,9,Tribhuvan University International Cricket Ground,Kirtipur,27.6768145,85.287199,232,8,50.0,4.64,234,1,44.5,5.26,,,,,,,232,234,466,Nepal won by 9 wkts
89033,7553,"Canada tour of Nepal, 2024",2nd ODI,ODI,Men,2024-02-10,2024-02-10,2024,2,26,Canada,CAN,72,Nepal,NEP,Nepal,NEP,Wickets,4,Tribhuvan University International Cricket Ground,Kirtipur,27.6768145,85.287199,285,9,50.0,5.7,287,6,45.167,6.35,,,,,,,285,287,572,Nepal won by 4 wkts
89026,7553,"Canada tour of Nepal, 2024",1st ODI,ODI,Men,2024-02-08,2024-02-08,2024,2,72,Nepal,NEP,26,Canada,CAN,Nepal,NEP,Runs,7,Tribhuvan University International Cricket Ground,Kirtipur,27.6768145,85.287199,224,10,50.0,4.48,217,10,47.833,4.54,,,,,,,224,217,441,Nepal won by 7 runs
70375,6297,"West Indies tour of Australia, 2024",3rd T20I,T20,Men,2024-02-13,2024-02-13,2024,2,10,West Indies,WI,4,Australia,AUS,West Indies,WI,Runs,37,Perth Stadium,Perth,-31.9496122,115.7858493,220,6,20.0,11.0,183,5,20.0,9.15,,,,,,,220,183,403,West Indies won by 37 runs
70368,6297,"West Indies tour of Australia, 2024",2nd T20I,T20,Men,2024-02-11,2024-02-11,2024,2,4,Australia,AUS,10,West Indies,WI,Australia,AUS,Runs,34,Adelaide Oval,Adelaide,-34.915516,138.596115,241,4,20.0,12.05,207,9,20.0,10.35,,,,,,,241,207,448,Australia won by 34 runs
70361,6297,"West Indies tour of Australia, 2024",1st T20I,T20,Men,2024-02-09,2024-02-09,2024,2,4,Australia,AUS,10,West Indies,WI,Australia,AUS,Runs,11,Bellerive Oval,Hobart,-42.877296,147.374013,213,7,20.0,10.65,202,8,20.0,10.1,,,,,,,213,202,415,Australia won by 11 runs
70354,6297,"West Indies tour of Australia, 2024",3rd ODI,ODI,Men,2024-02-06,2024-02-06,2024,2,10,West Indies,WI,4,Australia,AUS,Australia,AUS,Wickets,8,Manuka Oval,Canberra,-35.31863,149.136703,86,10,24.167,3.56,87,2,6.833,12.73,,,,,,,86,87,173,Australia won by 8 wkts
70347,6297,"West Indies tour of Australia, 2024",2nd ODI,ODI,Men,2024-02-04,2024-02-04,2024,2,4,Australia,AUS,10,West Indies,WI,Australia,AUS,Runs,83,Sydney Cricket Ground,Sydney,-33.86882,151.209296,258,9,50.0,5.16,175,10,43.5,4.02,,,,,,,258,175,433,Australia won by 83 runs
88417,7511,ACC Mens T20I Challenger Cup 2024,Final,T20,Men,2024-02-11,2024-02-11,2024,2,1447,Cambodia,CBD,571,Saudi Arabia,SAU,Saudi Arabia,SAU,Wickets,5,Terdthai Cricket Ground,Bangkok,13.756331,100.501765,147,5,20.0,7.35,151,5,17.5,8.63,,,,,,,147,151,298,Saudi Arabia won by 5 wkts
88410,7511,ACC Mens T20I Challenger Cup 2024,3rd Place Play-off,T20,Men,2024-02-11,2024-02-11,2024,2,547,Japan,JPN,190,Singapore,SIN,Singapore,SIN,Wickets,8,Terdthai Cricket Ground,Bangkok,13.756331,100.501765,215,3,20.0,10.75,216,2,19.333,11.17,,,,,,,215,216,431,Singapore won by 8 wkts
88403,7511,ACC Mens T20I Challenger Cup 2024,Semi Final 2,T20,Men,2024-02-09,2024-02-09,2024,2,190,Singapore,SIN,1447,Cambodia,CBD,Cambodia,CBD,Wickets,6,Terdthai Cricket Ground,Bangkok,13.756331,100.501765,109,10,20.0,5.45,113,4,14.833,7.62,,,,,,,109,113,222,Cambodia won by 6 wkts
88396,7511,ACC Mens T20I Challenger Cup 2024,Semi Final 1,T20,Men,2024-02-09,2024-02-09,2024,2,547,Japan,JPN,571,Saudi Arabia,SAU,Saudi Arabia,SAU,Wickets,10,Terdthai Cricket Ground,Bangkok,13.756331,100.501765,97,8,20.0,4.85,98,,9.0,10.89,,,,,,,97,98,195,Saudi Arabia won by 10 wkts
88389,7511,ACC Mens T20I Challenger Cup 2024,7th Place Play-off,T20,Men,2024-02-07,2024-02-07,2024,2,563,Maldives,MDV,555,Bhutan,BTN,Maldives,MDV,Runs,32,Terdthai Cricket Ground,Bangkok,13.756331,100.501765,137,8,20.0,6.85,105,10,18.333,5.73,,,,,,,137,105,242,Maldives won by 32 runs
88382,7511,ACC Mens T20I Challenger Cup 2024,5th Place Play-off,T20,Men,2024-02-07,2024-02-07,2024,2,566,Indonesia,IDN,384,Thailand,THAI,Thailand,THAI,Wickets,7,Terdthai Cricket Ground,Bangkok,13.756331,100.501765,131,8,20.0,6.55,132,3,17.333,7.62,,,,,,,131,132,263,Thailand won by 7 wkts
88375,7511,ACC Mens T20I Challenger Cup 2024,"12th Match, Group B",T20,Men,2024-02-06,2024-02-06,2024,2,563,Maldives,MDV,384,Thailand,THAI,Thailand,THAI,Wickets,8,Terdthai Cricket Ground,Bangkok,13.756331,100.501765,127,7,20.0,6.35,128,2,9.667,13.24,,,,,,,127,128,255,Thailand won by 8 wkts
88368,7511,ACC Mens T20I Challenger Cup 2024,"11th Match, Group B",T20,Men,2024-02-06,2024-02-06,2024,2,190,Singapore,SIN,547,Japan,JPN,Singapore,SIN,Runs,34,Terdthai Cricket Ground,Bangkok,13.756331,100.501765,176,5,20.0,8.8,142,8,20.0,7.1,,,,,,,176,142,318,Singapore won by 34 runs
88361,7511,ACC Mens T20I Challenger Cup 2024,"10th Match, Group A",T20,Men,2024-02-05,2024-02-05,2024,2,1447,Cambodia,CBD,555,Bhutan,BTN,Cambodia,CBD,Runs,10,Terdthai Cricket Ground,Bangkok,13.756331,100.501765,174,6,20.0,8.7,164,6,20.0,8.2,,,,,,,174,164,338,Cambodia won by 10 runs
88354,7511,ACC Mens T20I Challenger Cup 2024,"9th Match, Group A",T20,Men,2024-02-05,2024-02-05,2024,2,571,Saudi Arabia,SAU,566,Indonesia,IDN,Saudi Arabia,SAU,Runs,82,Terdthai Cricket Ground,Bangkok,13.756331,100.501765,185,4,20.0,9.25,103,9,20.0,5.15,,,,,,,185,103,288,Saudi Arabia won by 82 runs
88347,7511,ACC Mens T20I Challenger Cup 2024,"8th Match, Group B",T20,Men,2024-02-04,2024-02-04,2024,2,547,Japan,JPN,563,Maldives,MDV,Japan,JPN,Runs,42,Terdthai Cricket Ground,Bangkok,13.756331,100.501765,150,8,20.0,7.5,108,10,18.667,5.79,,,,,,,150,108,258,Japan won by 42 runs
88340,7511,ACC Mens T20I Challenger Cup 2024,"7th Match, Group B",T20,Men,2024-02-04,2024-02-04,2024,2,190,Singapore,SIN,384,Thailand,THAI,Thailand,THAI,Wickets,7,Terdthai Cricket Ground,Bangkok,13.756331,100.501765,115,9,20.0,5.75,116,3,18.167,6.39,,,,,,,115,116,231,Thailand won by 7 wkts
89070,7558,East Asia Cup 2024,Final,T20,Men,2024-02-17,2024-02-17,2024,2,8,Hong Kong,HK,547,Japan,JPN,Hong Kong,HK,Runs,34,Mission Road Ground,Mong Kok,22.323286,114.1828583,219,7,20.0,10.95,185,8,20.0,9.25,,,,,,,219,185,404,Hong Kong won by 34 runs
89066,7558,East Asia Cup 2024,6th Match,T20,Men,2024-02-16,2024-02-16,2024,2,547,Japan,JPN,524,China,CHN,Japan,JPN,Runs,44,Mission Road Ground,Mong Kok,22.323286,114.1828583,143,10,19.5,7.33,99,8,20.0,4.95,,,,,,,143,99,242,Japan won by 44 runs
89063,7558,East Asia Cup 2024,5th Match,T20,Men,2024-02-16,2024-02-16,2024,2,524,China,CHN,8,Hong Kong,HK,Hong Kong,HK,Wickets,10,Mission Road Ground,Mong Kok,22.323286,114.1828583,41,10,12.667,3.24,42,,5.0,8.4,,,,,,,41,42,83,Hong Kong won by 10 wkts
89056,7558,East Asia Cup 2024,4th Match,T20,Men,2024-02-15,2024-02-15,2024,2,8,Hong Kong,HK,547,Japan,JPN,Hong Kong,HK,Runs,27,Mission Road Ground,Mong Kok,22.323286,114.1828583,155,10,19.667,7.88,128,10,18.833,6.8,,,,,,,155,128,283,Hong Kong won by 27 runs
89052,7558,East Asia Cup 2024,3rd Match,T20,Men,2024-02-15,2024-02-15,2024,2,547,Japan,JPN,524,China,CHN,Japan,JPN,Runs,180,Mission Road Ground,Mong Kok,22.323286,114.1828583,258,,20.0,12.9,78,10,16.833,4.63,,,,,,,258,78,336,Japan won by 180 runs
89045,7558,East Asia Cup 2024,2nd Match,T20,Men,2024-02-14,2024-02-14,2024,2,547,Japan,JPN,8,Hong Kong,HK,Hong Kong,HK,Wickets,7,Mission Road Ground,Mong Kok,22.323286,114.1828583,179,5,20.0,8.95,184,3,16.167,11.38,,,,,,,179,184,363,Hong Kong won by 7 wkts
89042,7558,East Asia Cup 2024,1st Match,T20,Men,2024-02-14,2024-02-14,2024,2,8,Hong Kong,HK,524,China,CHN,Hong Kong,HK,Runs,123,Mission Road Ground,Mong Kok,22.323286,114.1828583,171,5,20.0,8.55,48,8,20.0,2.4,,,,,,,171,48,219,Hong Kong won by 123 runs
89339,7579,Quadrangular Twenty20 Series in Thailand 2024,3rd place play-off,T20,Men,2024-02-16,2024-02-16,2024,2,563,Maldives,MDV,555,Bhutan,BTN,Bhutan,BTN,Wickets,4,Terdthai Cricket Ground,Bangkok,13.756331,100.501765,138,6,20.0,6.9,141,6,19.333,7.29,,,,,,,138,141,279,Bhutan won by 4 wkts
89336,7579,Quadrangular Twenty20 Series in Thailand 2024,Final,T20,Men,2024-02-16,2024-02-16,2024,2,384,Thailand,THAI,571,Saudi Arabia,SAU,Saudi Arabia,SAU,Wickets,8,Terdthai Cricket Ground,Bangkok,13.756331,100.501765,104,9,20.0,5.2,108,2,11.333,9.53,,,,,,,104,108,212,Saudi Arabia won by 8 wkts
89329,7579,Quadrangular Twenty20 Series in Thailand 2024,6th Match,T20,Men,2024-02-15,2024-02-15,2024,2,571,Saudi Arabia,SAU,555,Bhutan,BTN,Saudi Arabia,SAU,Runs,166,Terdthai Cricket Ground,Bangkok,13.756331,100.501765,221,3,20.0,11.05,55,10,14.333,3.84,,,,,,,221,55,276,Saudi Arabia won by 166 runs
89322,7579,Quadrangular Twenty20 Series in Thailand 2024,5th Match,T20,Men,2024-02-15,2024-02-15,2024,2,563,Maldives,MDV,384,Thailand,THAI,Thailand,THAI,Wickets,8,Terdthai Cricket Ground,Bangkok,13.756331,100.501765,105,10,18.5,5.68,109,2,13.0,8.38,,,,,,,105,109,214,Thailand won by 8 wkts
89315,7579,Quadrangular Twenty20 Series in Thailand 2024,4th Match,T20,Men,2024-02-13,2024-02-13,2024,2,555,Bhutan,BTN,563,Maldives,MDV,Maldives,MDV,Wickets,9,Terdthai Cricket Ground,Bangkok,13.756331,100.501765,115,6,20.0,5.75,119,1,14.5,8.21,,,,,,,115,119,234,Maldives won by 9 wkts
89308,7579,Quadrangular Twenty20 Series in Thailand 2024,3rd Match,T20,Men,2024-02-13,2024-02-13,2024,2,384,Thailand,THAI,571,Saudi Arabia,SAU,Saudi Arabia,SAU,Wickets,5,Terdthai Cricket Ground,Bangkok,13.756331,100.501765,112,7,20.0,5.6,115,5,16.167,7.11,,,,,,,112,115,227,Saudi Arabia won by 5 wkts
89304,7579,Quadrangular Twenty20 Series in Thailand 2024,2nd Match,T20,Men,2024-02-12,2024-02-12,2024,2,571,Saudi Arabia,SAU,563,Maldives,MDV,Saudi Arabia,SAU,Runs,98,Terdthai Cricket Ground,Bangkok,13.756331,100.501765,186,6,20.0,9.3,88,8,20.0,4.4,,,,,,,186,88,274,Saudi Arabia won by 98 runs
89297,7579,Quadrangular Twenty20 Series in Thailand 2024,1st Match,T20,Men,2024-02-12,2024-02-12,2024,2,555,Bhutan,BTN,384,Thailand,THAI,Thailand,THAI,Wickets,10,Terdthai Cricket Ground,Bangkok,13.756331,100.501765,70,10,18.0,3.89,72,,6.833,10.54,,,,,,,70,72,142,Thailand won by 10 wkts
89248,7572,ICC Cricket World Cup League Two 2023-27,2nd Match,ODI,Men,2024-02-17,2024-02-17,2024,2,24,Netherlands,NED,72,Nepal,NEP,Nepal,NEP,Wickets,9,Tribhuvan University International Cricket Ground,Kirtipur,27.6768145,85.287199,137,10,39.0,3.51,141,1,15.333,9.2,,,,,,,137,141,278,Nepal won by 9 wkts
89241,7572,ICC Cricket World Cup League Two 2023-27,1st Match,ODI,Men,2024-02-15,2024-02-15,2024,2,72,Nepal,NEP,161,Namibia,NAM,Namibia,NAM,Wickets,4,Tribhuvan University International Cricket Ground,Kirtipur,27.6768145,85.287199,132,10,41.167,3.21,134,6,33.167,4.04,,,,,,,132,134,266,Namibia won by 4 wkts
87957,7492,"Pakistan Super League, 2024",1st Match,T20,Men,2024-02-17,2024-02-17,2024,2,333,Lahore Qalandars,LHQ,330,Islamabad United,ISU,Islamabad United,ISU,Wickets,8,Gaddafi Stadium,Lahore,31.513467,74.333375,195,5,20.0,9.75,200,2,18.333,10.91,,,,,,,195,200,395,Islamabad United won by 8 wkts
82917,7257,"International League T20, 2024",Final,T20,Men,2024-02-17,2024-02-17,2024,2,1307,MI Emirates,MIE,1298,Dubai Capitals,DCP,MI Emirates,MIE,Runs,45,Dubai International Cricket Stadium,Dubai,25.046842,55.218969,208,3,20.0,10.4,163,7,20.0,8.15,,,,,,,208,163,371,MI Emirates won by 45 runs
82913,7257,"International League T20, 2024",Qualifier 2,T20,Men,2024-02-15,2024-02-15,2024,2,1319,Gulf Giants,GG,1298,Dubai Capitals,DCP,Dubai Capitals,DCP,Wickets,9,Sharjah Cricket Stadium,Sharjah,25.33095,55.420902,138,6,20.0,6.9,139,1,15.833,8.78,,,,,,,138,139,277,Dubai Capitals won by 9 wkts
82908,7257,"International League T20, 2024",Qualifier 1,T20,Men,2024-02-14,2024-02-14,2024,2,1307,MI Emirates,MIE,1319,Gulf Giants,GG,MI Emirates,MIE,Runs,45,Dubai International Cricket Stadium,Dubai,25.046842,55.218969,163,7,20.0,8.15,118,10,18.333,6.44,,,,,,,163,118,281,MI Emirates won by 45 runs
82906,7257,"International League T20, 2024",Eliminator,T20,Men,2024-02-13,2024-02-13,2024,2,1298,Dubai Capitals,DCP,1300,Abu Dhabi Knight Riders,ADKR,Dubai Capitals,DCP,Runs,85,Sheikh Zayed Stadium,Abu Dhabi,24.416138,54.453566,188,5,20.0,9.4,103,10,16.833,6.12,,,,,,,188,103,291,Dubai Capitals won by 85 runs
82903,7257,"International League T20, 2024",30th Match,T20,Men,2024-02-11,2024-02-11,2024,2,1312,Sharjah Warriors,SW,1326,Desert Vipers,DV,Desert Vipers,DV,Wickets,6,Sharjah Cricket Stadium,Sharjah,25.33095,55.420902,121,9,18.0,6.72,123,4,12.833,9.58,,,,,,,121,123,244,Desert Vipers won by 6 wkts - Match reduced to 18 overs per side due to rain
82896,7257,"International League T20, 2024",29th Match,T20,Men,2024-02-10,2024-02-10,2024,2,1298,Dubai Capitals,DCP,1307,MI Emirates,MIE,Dubai Capitals,DCP,Runs,19,Sheikh Zayed Stadium,Abu Dhabi,24.416138,54.453566,147,9,20.0,7.35,128,8,20.0,6.4,,,,,,,147,128,275,Dubai Capitals won by 19 runs
82889,7257,"International League T20, 2024",28th Match,T20,Men,2024-02-10,2024-02-10,2024,2,1319,Gulf Giants,GG,1300,Abu Dhabi Knight Riders,ADKR,Gulf Giants,GG,Runs,3,Dubai International Cricket Stadium,Dubai,25.046842,55.218969,166,3,20.0,8.3,163,9,20.0,8.15,,,,,,,166,163,329,Gulf Giants won by 3 runs
82882,7257,"International League T20, 2024",27th Match,T20,Men,2024-02-09,2024-02-09,2024,2,1326,Desert Vipers,DV,1298,Dubai Capitals,DCP,Dubai Capitals,DCP,Wickets,5,Dubai International Cricket Stadium,Dubai,25.046842,55.218969,171,7,20.0,8.55,172,5,20.0,8.6,,,,,,,171,172,343,Dubai Capitals won by 5 wkts
82875,7257,"International League T20, 2024",26th Match,T20,Men,2024-02-08,2024-02-08,2024,2,1319,Gulf Giants,GG,1307,MI Emirates,MIE,Gulf Giants,GG,Runs,5,Dubai International Cricket Stadium,Dubai,25.046842,55.218969,158,7,20.0,7.9,153,7,20.0,7.65,,,,,,,158,153,311,Gulf Giants won by 5 runs
82873,7257,"International League T20, 2024",25th Match,T20,Men,2024-02-07,2024-02-07,2024,2,1300,Abu Dhabi Knight Riders,ADKR,1312,Sharjah Warriors,SW,Sharjah Warriors,SW,Wickets,7,Sheikh Zayed Stadium,Abu Dhabi,24.416138,54.453566,94,10,17.167,5.48,95,3,13.833,6.87,,,,,,,94,95,189,Sharjah Warriors won by 7 wkts
82868,7257,"International League T20, 2024",24th Match,T20,Men,2024-02-06,2024-02-06,2024,2,1319,Gulf Giants,GG,1298,Dubai Capitals,DCP,Gulf Giants,GG,Runs,19,Dubai International Cricket Stadium,Dubai,25.046842,55.218969,126,9,20.0,6.3,107,10,18.5,5.78,,,,,,,126,107,233,Gulf Giants won by 19 runs
82866,7257,"International League T20, 2024",23rd Match,T20,Men,2024-02-05,2024-02-05,2024,2,1312,Sharjah Warriors,SW,1300,Abu Dhabi Knight Riders,ADKR,Abu Dhabi Knight Riders,ADKR,Wickets,7,Sharjah Cricket Stadium,Sharjah,25.33095,55.420902,75,10,17.0,4.41,79,3,10.167,7.77,,,,,,,75,79,154,Abu Dhabi Knight Riders won by 7 wkts
82864,7257,"International League T20, 2024",22nd Match,T20,Men,2024-02-04,2024-02-04,2024,2,1319,Gulf Giants,GG,1312,Sharjah Warriors,SW,Gulf Giants,GG,Runs,79,Dubai International Cricket Stadium,Dubai,25.046842,55.218969,187,6,20.0,9.35,108,10,17.5,6.17,,,,,,,187,108,295,Gulf Giants won by 79 runs
82861,7257,"International League T20, 2024",21st Match,T20,Men,2024-02-04,2024-02-04,2024,2,1307,MI Emirates,MIE,1326,Desert Vipers,DV,MI Emirates,MIE,Runs,30,Sheikh Zayed Stadium,Abu Dhabi,24.416138,54.453566,188,5,20.0,9.4,158,8,20.0,7.9,,,,,,,188,158,346,MI Emirates won by 30 runs
82859,7257,"International League T20, 2024",20th Match,T20,Men,2024-02-03,2024-02-03,2024,2,1300,Abu Dhabi Knight Riders,ADKR,1298,Dubai Capitals,DCP,Abu Dhabi Knight Riders,ADKR,Runs,29,Sheikh Zayed Stadium,Abu Dhabi,24.416138,54.453566,183,10,20.0,9.15,154,8,20.0,7.7,,,,,,,183,154,337,Abu Dhabi Knight Riders won by 29 runs
82857,7257,"International League T20, 2024",19th Match,T20,Men,2024-02-03,2024-02-03,2024,2,1319,Gulf Giants,GG,1326,Desert Vipers,DV,Desert Vipers,DV,Wickets,6,Dubai International Cricket Stadium,Dubai,25.046842,55.218969,160,7,20.0,8.0,161,4,16.833,9.56,,,,,,,160,161,321,Desert Vipers won by 6 wkts
87089,7422,Bangladesh Premier League 2024,36th Match,T20,Men,2024-02-17,2024-02-17,2024,2,622,Chattogram Challengers,CGC,1895,Durdanto Dhaka,DRD,Chattogram Challengers,CGC,Runs,10,Zahur Ahmed Chowdhury Stadium,Chattogram,22.355898,91.767766,159,6,20.0,7.95,149,5,20.0,7.45,,,,,,,159,149,308,Chattogram Challengers won by 10 runs
87085,7422,Bangladesh Premier League 2024,35th Match,T20,Men,2024-02-17,2024-02-17,2024,2,807,Fortune Barishal,BRSAL,1412,Sylhet Strikers,SYST,Fortune Barishal,BRSAL,Runs,18,Zahur Ahmed Chowdhury Stadium,Chattogram,22.355898,91.767766,183,6,20.0,9.15,165,8,20.0,8.25,,,,,,,183,165,348,Fortune Barishal won by 18 runs
87078,7422,Bangladesh Premier League 2024,34th Match,T20,Men,2024-02-16,2024-02-16,2024,2,256,Rangpur Riders,RGR,622,Chattogram Challengers,CGC,Rangpur Riders,RGR,Runs,18,Zahur Ahmed Chowdhury Stadium,Chattogram,22.355898,91.767766,187,8,20.0,9.35,169,6,20.0,8.45,,,,,,,187,169,356,Rangpur Riders won by 18 runs
87075,7422,Bangladesh Premier League 2024,33rd Match,T20,Men,2024-02-16,2024-02-16,2024,2,1895,Durdanto Dhaka,DRD,627,Khulna Tigers,KLT,Khulna Tigers,KLT,Wickets,5,Zahur Ahmed Chowdhury Stadium,Chattogram,22.355898,91.767766,128,7,20.0,6.4,131,5,15.333,8.54,,,,,,,128,131,259,Khulna Tigers won by 5 wkts
87071,7422,Bangladesh Premier League 2024,32nd Match,T20,Men,2024-02-14,2024-02-14,2024,2,627,Khulna Tigers,KLT,319,Comilla Victorians,CV,Comilla Victorians,CV,Wickets,7,Zahur Ahmed Chowdhury Stadium,Chattogram,22.355898,91.767766,164,8,20.0,8.2,168,3,16.5,10.18,,,,,,,164,168,332,Comilla Victorians won by 7 wkts
87064,7422,Bangladesh Premier League 2024,31st Match,T20,Men,2024-02-14,2024-02-14,2024,2,807,Fortune Barishal,BRSAL,1895,Durdanto Dhaka,DRD,Fortune Barishal,BRSAL,Runs,27,Zahur Ahmed Chowdhury Stadium,Chattogram,22.355898,91.767766,186,6,20.0,9.3,159,8,20.0,7.95,,,,,,,186,159,345,Fortune Barishal won by 27 runs
87061,7422,Bangladesh Premier League 2024,30th Match,T20,Men,2024-02-13,2024-02-13,2024,2,256,Rangpur Riders,RGR,627,Khulna Tigers,KLT,Rangpur Riders,RGR,Runs,78,Zahur Ahmed Chowdhury Stadium,Chattogram,22.355898,91.767766,219,5,20.0,10.95,141,10,18.333,7.69,,,,,,,219,141,360,Rangpur Riders won by 78 runs
87057,7422,Bangladesh Premier League 2024,29th Match,T20,Men,2024-02-13,2024-02-13,2024,2,319,Comilla Victorians,CV,622,Chattogram Challengers,CGC,Comilla Victorians,CV,Runs,73,Zahur Ahmed Chowdhury Stadium,Chattogram,22.355898,91.767766,239,3,20.0,11.95,166,10,16.5,10.06,,,,,,,239,166,405,Comilla Victorians won by 73 runs
87050,7422,Bangladesh Premier League 2024,28th Match,T20,Men,2024-02-10,2024-02-10,2024,2,807,Fortune Barishal,BRSAL,1895,Durdanto Dhaka,DRD,Fortune Barishal,BRSAL,Runs,40,Shere Bangla National Stadium,Dhaka,23.806966,90.363576,189,4,20.0,9.45,149,10,19.667,7.58,,,,,,,189,149,338,Fortune Barishal won by 40 runs
87047,7422,Bangladesh Premier League 2024,27th Match,T20,Men,2024-02-10,2024-02-10,2024,2,256,Rangpur Riders,RGR,622,Chattogram Challengers,CGC,Rangpur Riders,RGR,Runs,53,Shere Bangla National Stadium,Dhaka,23.806966,90.363576,211,3,20.0,10.55,158,6,20.0,7.9,,,,,,,211,158,369,Rangpur Riders won by 53 runs
87043,7422,Bangladesh Premier League 2024,26th Match,T20,Men,2024-02-09,2024-02-09,2024,2,1895,Durdanto Dhaka,DRD,319,Comilla Victorians,CV,Comilla Victorians,CV,Wickets,4,Shere Bangla National Stadium,Dhaka,23.806966,90.363576,175,4,20.0,8.75,176,6,19.833,8.87,,,,,,,175,176,351,Comilla Victorians won by 4 wkts
87036,7422,Bangladesh Premier League 2024,25th Match,T20,Men,2024-02-09,2024-02-09,2024,2,627,Khulna Tigers,KLT,1412,Sylhet Strikers,SYST,Sylhet Strikers,SYST,Wickets,5,Shere Bangla National Stadium,Dhaka,23.806966,90.363576,153,4,20.0,7.65,159,5,19.0,8.37,,,,,,,153,159,312,Sylhet Strikers won by 5 wkts
87033,7422,Bangladesh Premier League 2024,24th Match,T20,Men,2024-02-07,2024-02-07,2024,2,1895,Durdanto Dhaka,DRD,1412,Sylhet Strikers,SYST,Sylhet Strikers,SYST,Wickets,5,Shere Bangla National Stadium,Dhaka,23.806966,90.363576,124,8,20.0,6.2,129,5,19.0,6.79,,,,,,,124,129,253,Sylhet Strikers won by 5 wkts
87026,7422,Bangladesh Premier League 2024,23rd Match,T20,Men,2024-02-07,2024-02-07,2024,2,319,Comilla Victorians,CV,627,Khulna Tigers,KLT,Comilla Victorians,CV,Runs,34,Shere Bangla National Stadium,Dhaka,23.806966,90.363576,149,7,20.0,7.45,115,10,18.833,6.11,,,,,,,149,115,264,Comilla Victorians won by 34 runs
87019,7422,Bangladesh Premier League 2024,22nd Match,T20,Men,2024-02-06,2024-02-06,2024,2,622,Chattogram Challengers,CGC,807,Fortune Barishal,BRSAL,Chattogram Challengers,CGC,Runs,16,Shere Bangla National Stadium,Dhaka,23.806966,90.363576,145,5,20.0,7.25,129,8,20.0,6.45,,,,,,,145,129,274,Chattogram Challengers won by 16 runs
87015,7422,Bangladesh Premier League 2024,21st Match,T20,Men,2024-02-06,2024-02-06,2024,2,256,Rangpur Riders,RGR,1895,Durdanto Dhaka,DRD,Rangpur Riders,RGR,Runs,60,Shere Bangla National Stadium,Dhaka,23.806966,90.363576,175,4,20.0,8.75,115,10,18.0,6.39,,,,,,,175,115,290,Rangpur Riders won by 60 runs
87012,7422,Bangladesh Premier League 2024,20th Match,T20,Men,2024-02-03,2024-02-03,2024,2,256,Rangpur Riders,RGR,1412,Sylhet Strikers,SYST,Rangpur Riders,RGR,Runs,77,Sylhet International Cricket Stadium,Sylhet,24.898183,91.863608,162,7,20.0,8.1,85,10,16.833,5.05,,,,,,,162,85,247,Rangpur Riders won by 77 runs
87005,7422,Bangladesh Premier League 2024,19th Match,T20,Men,2024-02-03,2024-02-03,2024,2,627,Khulna Tigers,KLT,807,Fortune Barishal,BRSAL,Fortune Barishal,BRSAL,Wickets,5,Sylhet International Cricket Stadium,Sylhet,24.898183,91.863608,155,8,20.0,7.75,156,5,19.667,7.93,,,,,,,155,156,311,Fortune Barishal won by 5 wkts
80117,7044,"SA20, 2024",Final,T20,Men,2024-02-10,2024-02-10,2024,2,1256,Sunrisers Eastern Cape,SEC,1242,Durban Super Giants,DSG,Sunrisers Eastern Cape,SEC,Runs,89,Newlands,Cape Town,-33.979629,18.459466,204,3,20.0,10.2,115,10,17.0,6.76,,,,,,,204,115,319,Sunrisers Eastern Cape won by 89 runs
80110,7044,"SA20, 2024",Qualifier 2,T20,Men,2024-02-08,2024-02-08,2024,2,1242,Durban Super Giants,DSG,1249,Joburg Super Kings,JSK,Durban Super Giants,DSG,Runs,69,The Wanderers Stadium,Johannesburg,-26.131141,28.057397,211,6,20.0,10.55,142,10,17.667,8.04,,,,,,,211,142,353,Durban Super Giants won by 69 runs
80106,7044,"SA20, 2024",Eliminator,T20,Men,2024-02-07,2024-02-07,2024,2,1235,Paarl Royals,PR,1249,Joburg Super Kings,JSK,Joburg Super Kings,JSK,Wickets,9,The Wanderers Stadium,Johannesburg,-26.131141,28.057397,138,10,18.833,7.33,139,1,13.333,10.42,,,,,,,138,139,277,Joburg Super Kings won by 9 wkts
80103,7044,"SA20, 2024",Qualifier 1,T20,Men,2024-02-06,2024-02-06,2024,2,1256,Sunrisers Eastern Cape,SEC,1242,Durban Super Giants,DSG,Sunrisers Eastern Cape,SEC,Runs,51,Newlands,Cape Town,-33.979629,18.459466,157,8,20.0,7.85,106,10,19.5,5.44,,,,,,,157,106,263,Sunrisers Eastern Cape won by 51 runs
80099,7044,"SA20, 2024",30th Match,T20,Men,2024-02-04,2024-02-04,2024,2,1235,Paarl Royals,PR,1256,Sunrisers Eastern Cape,SEC,Sunrisers Eastern Cape,SEC,Wickets,5,St George's Park,Gqeberha,-33.966545,25.610332,159,7,20.0,7.95,165,5,19.833,8.32,,,,,,,159,165,324,Sunrisers Eastern Cape won by 5 wkts
80096,7044,"SA20, 2024",29th Match,T20,Men,2024-02-03,2024-02-03,2024,2,1242,Durban Super Giants,DSG,1249,Joburg Super Kings,JSK,Joburg Super Kings,JSK,Wickets,7,The Wanderers Stadium,Johannesburg,-26.131141,28.057397,203,6,20.0,10.15,209,3,19.833,10.54,,,,,,,203,209,412,Joburg Super Kings won by 7 wkts
80092,7044,"SA20, 2024",28th Match,T20,Men,2024-02-03,2024-02-03,2024,2,1228,MI Cape Town,MICT,1263,Pretoria Capitals,PC,Pretoria Capitals,PC,Wickets,4,Newlands,Cape Town,-33.979629,18.459466,163,9,20.0,8.15,167,6,19.667,8.49,,,,,,,163,167,330,Pretoria Capitals won by 4 wkts
74779,6725,Ranji Trophy 2023-24,Elite Group A,TEST,Men,2024-02-16,2024-02-19,2024,2,461,Manipur,MNP,94,Saurashtra,SAUR,Saurashtra,SAUR,Runs,243,Sanosara Cricket Ground A,Rajkot,22.4894023,68.2051849,142,10,45.0,3.16,529,6,104.167,5.08,144,10,51.833,,,,142,529,815,Saurashtra won by an innings and 243 runs
74835,6725,Ranji Trophy 2023-24,Elite Group B,TEST,Men,2024-02-16,2024-02-19,2024,2,162,Assam,ASM,95,Mumbai,MUM,Mumbai,MUM,Runs,80,Sharad Pawar Cricket Academy BKC,Mumbai,19.061309,72.866381,84,10,32.167,2.61,272,10,64.667,4.21,108,10,33.0,,,,84,272,464,Mumbai won by an innings and 80 runs
74814,6725,Ranji Trophy 2023-24,Elite Group D,TEST,Men,2024-02-16,2024-02-19,2024,2,251,Himachal Pradesh,HP,465,Puducherry,PDC,,Complete,Runs,63,Cricket Association Puducherry Siechem Ground,Puducherry,11.9122,79.737396,463,10,126.333,3.66,202,10,57.833,3.49,,,,198,10,43.5,463,202,863,Himachal Pradesh won by an innings and 63 runs
74821,6725,Ranji Trophy 2023-24,Elite Group B,TEST,Men,2024-02-16,2024-02-19,2024,2,460,Bihar,BIH,232,Bengal,BEN,Bengal,BEN,Runs,204,Eden Gardens,Kolkata,22.564527,88.343247,95,10,46.667,2.04,411,5,104.167,3.95,112,10,35.167,,,,95,411,618,Bengal won by an innings and 204 runs
74772,6725,Ranji Trophy 2023-24,Plate 2nd Semi Final,TEST,Men,2024-02-09,2024-02-13,2024,2,463,Mizoram,MIZ,462,Meghalaya,MGLY,Meghalaya,MGLY,Wickets,6,Mangaldoi Sports Association Ground,"Ward No 2, Mangaldoi",26.4433028,92.0343162,144,10,46.5,3.1,145,10,44.667,3.25,153,10,38.0,156,4,35.833,144,145,598,Meghalaya won by 6 wkts
74769,6725,Ranji Trophy 2023-24,Plate 1st Semi Final,TEST,Men,2024-02-09,2024-02-13,2024,2,242,Hyderabad,HYD,464,Nagaland,NGL,Hyderabad,HYD,Runs,68,Rajiv Gandhi International Stadium,Hyderabad,17.406495,78.550451,462,8,107.0,4.32,206,10,60.167,3.42,,,,188,10,58.5,462,206,856,Hyderabad won by an innings and 68 runs
74692,6725,Ranji Trophy 2023-24,Elite Group B,TEST,Men,2024-02-09,2024-02-12,2024,2,241,Andhra,AP,93,Uttar Pradesh,UP,,Match drawn,Draw,,Dr PVG Raju ACA Sports Complex,Vizianagaram,18.106658,83.395551,261,10,95.167,2.74,198,10,51.833,3.82,429,9,145.0,,,,261,198,888,Match drawn
74702,6725,Ranji Trophy 2023-24,Elite Group C,TEST,Men,2024-02-09,2024-02-12,2024,2,128,Karnataka,KAR,92,Tamil Nadu,TN,,Match drawn,Draw,,MA Chidambaram Stadium,Chennai,13.06282,80.279274,366,10,119.667,3.06,151,10,69.333,2.18,139,10,56.667,338,8,105.0,366,151,994,Match drawn
74720,6725,Ranji Trophy 2023-24,Elite Group A,TEST,Men,2024-02-09,2024-02-12,2024,2,94,Saurashtra,SAUR,171,Rajasthan,RAJ,Saurashtra,SAUR,Runs,218,Sawai Mansingh Stadium,Jaipur,26.894012,75.803225,328,10,116.833,2.81,257,10,91.333,2.81,234,6,64.0,87,10,28.667,328,257,906,Saurashtra won by 218 runs
74734,6725,Ranji Trophy 2023-24,Elite Group D,TEST,Men,2024-02-09,2024-02-12,2024,2,167,Madhya Pradesh,MP,170,Baroda,BRD,Madhya Pradesh,MP,Runs,52,Holkar Cricket Stadium,Indore,22.724371,75.879701,454,10,129.5,3.51,132,10,47.167,2.8,,,,270,10,98.5,454,132,856,Madhya Pradesh won by an innings and 52 runs
74755,6725,Ranji Trophy 2023-24,Elite Group A,TEST,Men,2024-02-09,2024-02-12,2024,2,461,Manipur,MNP,250,Services,SER,Services,SER,Runs,196,ADSA Railways Cricket Ground,"Vallabh Vidyanagar, Anand",22.550659,72.923569,67,10,34.333,1.95,333,10,106.167,3.14,70,10,40.5,,,,67,333,470,Services won by an innings and 196 runs
74678,6725,Ranji Trophy 2023-24,Elite Group B,TEST,Men,2024-02-09,2024-02-12,2024,2,244,Kerala,KER,232,Bengal,BEN,Kerala,KER,Runs,109,St Xavier's College Ground,"Thumba, Thiruvananthapuram",8.5602859,76.8449651,363,10,127.5,2.85,180,10,51.167,3.52,265,6,64.333,339,10,87.667,363,180,1147,Kerala won by 109 runs
74706,6725,Ranji Trophy 2023-24,Elite Group C,TEST,Men,2024-02-09,2024-02-12,2024,2,163,Gujarat,GUJ,245,Punjab,PUN,Gujarat,GUJ,Runs,299,Punjab Cricket Association IS Bindra Stadium,Mohali,30.690905,76.737455,339,10,94.5,3.59,219,10,56.833,3.85,290,8,62.0,111,10,39.667,339,219,959,Gujarat won by 299 runs
74727,6725,Ranji Trophy 2023-24,Elite Group C,TEST,Men,2024-02-09,2024-02-12,2024,2,595,Chandigarh,CDG,247,Tripura,TRI,,Match drawn,Draw,,Sector 16 Stadium,Chandigarh,30.741797,76.774915,356,10,116.0,3.07,438,10,121.0,3.62,359,3,74.0,121,3,34.667,356,438,1274,Match drawn
74741,6725,Ranji Trophy 2023-24,Elite Group A,TEST,Men,2024-02-09,2024-02-12,2024,2,254,Maharashtra,MAH,248,Vidarbha,VID,Vidarbha,VID,Wickets,10,Maharashtra Cricket Association Stadium,Pune,18.674498,73.706516,208,10,56.667,3.67,552,10,126.333,4.37,371,10,121.833,28,,6.0,208,552,1159,Vidarbha won by 10 wkts
74762,6725,Ranji Trophy 2023-24,Elite Group D,TEST,Men,2024-02-09,2024-02-12,2024,2,81,Delhi,DEL,251,Himachal Pradesh,HP,Delhi,DEL,Runs,76,Himachal Pradesh Cricket Association Stadium,Dharamsala,32.19779,76.325811,264,10,71.0,3.72,319,10,88.333,3.61,381,6,61.5,250,10,61.667,264,319,1214,Delhi won by 76 runs
74685,6725,Ranji Trophy 2023-24,Elite Group D,TEST,Men,2024-02-09,2024-02-12,2024,2,252,Jammu and Kashmir,JK,465,Puducherry,PDC,Jammu and Kashmir,JK,Runs,19,Cricket Association Puducherry Siechem Ground,Puducherry,11.9122,79.737396,106,10,28.667,3.7,172,10,55.167,3.12,152,10,67.833,67,10,35.5,106,172,497,Jammu and Kashmir won by 19 runs
74713,6725,Ranji Trophy 2023-24,Elite Group C,TEST,Men,2024-02-09,2024-02-12,2024,2,246,Railways,RLYS,253,Goa,GOA,Railways,RLYS,Runs,63,Lalabhai Contractor Stadium,Surat,21.155455,72.769226,297,10,90.833,3.27,200,10,68.333,2.93,208,10,63.5,242,10,65.333,297,200,947,Railways won by 63 runs
74695,6725,Ranji Trophy 2023-24,Elite Group B,TEST,Men,2024-02-09,2024-02-12,2024,2,95,Mumbai,MUM,375,Chhattisgarh,CG,,Match drawn,Draw,,Shaheed Veer Narayan Singh International Stadium,Raipur,21.203523,81.823929,351,10,101.667,3.45,350,10,106.167,3.3,253,6,82.0,,,,351,350,954,Match drawn
74730,6725,Ranji Trophy 2023-24,Elite Group A,TEST,Men,2024-02-09,2024-02-12,2024,2,200,Haryana,HAR,243,Jharkhand,JHKD,Haryana,HAR,Runs,205,Keenan Stadium,Jamshedpur,22.805692,86.19144,509,10,134.833,3.78,119,10,39.5,3.01,,,,185,10,61.667,509,119,813,Haryana won by an innings and 205 runs
74748,6725,Ranji Trophy 2023-24,Elite Group D,TEST,Men,2024-02-09,2024-02-12,2024,2,467,Uttarakhand,UTK,249,Odisha,ODSA,Uttarakhand,UTK,Runs,162,Barabati Stadium,Cuttack,20.481065,85.868545,342,10,131.5,2.6,169,10,56.667,2.98,203,8,56.0,214,10,91.667,342,169,928,Uttarakhand won by 162 runs
74699,6725,Ranji Trophy 2023-24,Elite Group B,TEST,Men,2024-02-09,2024-02-12,2024,2,162,Assam,ASM,460,Bihar,BIH,Assam,ASM,Wickets,9,Barsapara Cricket Stadium,Guwahati,26.094292,91.785187,405,10,121.667,3.33,207,10,71.833,2.88,100,1,14.333,292,10,121.0,405,207,1004,Assam won by 9 wkts
74580,6725,Ranji Trophy 2023-24,Elite Group A,TEST,Men,2024-02-02,2024-02-05,2024,2,94,Saurashtra,SAUR,254,Maharashtra,MAH,Saurashtra,SAUR,Runs,43,"Indira Gandhi Stadium, Park Maidan",Solapur,17.6722984,75.8986931,202,10,60.167,3.36,159,10,45.667,3.48,164,10,43.333,164,10,51.667,202,159,689,Saurashtra won by 43 runs
74601,6725,Ranji Trophy 2023-24,Elite Group D,TEST,Men,2024-02-02,2024-02-05,2024,2,251,Himachal Pradesh,HP,167,Madhya Pradesh,MP,,Match drawn,Draw,,Himachal Pradesh Cricket Association Stadium,Dharamsala,32.19779,76.325811,169,10,54.5,3.1,217,10,71.667,3.03,42,5,23.0,,,,169,217,428,Match drawn
74615,6725,Ranji Trophy 2023-24,Elite Group A,TEST,Men,2024-02-02,2024-02-05,2024,2,250,Services,SER,200,Haryana,HAR,Services,SER,Other,1,Ch Bansi Lal Cricket Stadium,Rohtak,28.854644,76.46442,108,10,51.833,2.08,103,10,39.333,2.62,140,10,38.5,144,10,41.333,108,103,495,Services won by 1 run
74653,6725,Ranji Trophy 2023-24,Elite Group B,TEST,Men,2024-02-02,2024-02-05,2024,2,93,Uttar Pradesh,UP,162,Assam,ASM,,Match drawn,Draw,,Green Park,Kanpur,26.482069,80.34773,548,8,128.5,4.26,316,2,113.0,2.8,,,,,,,548,316,864,Match drawn
74587,6725,Ranji Trophy 2023-24,Elite Group C,TEST,Men,2024-02-02,2024-02-05,2024,2,247,Tripura,TRI,163,Gujarat,GUJ,Tripura,TRI,Runs,156,Narendra Modi Stadium,Ahmedabad,23.091785,72.597465,146,10,47.667,3.06,172,10,49.5,3.47,343,10,82.0,161,10,52.5,146,172,822,Tripura won by 156 runs
74604,6725,Ranji Trophy 2023-24,Elite Group A,TEST,Men,2024-02-02,2024-02-05,2024,2,171,Rajasthan,RAJ,248,Vidarbha,VID,,Match drawn,Draw,,Sawai Mansingh Stadium,Jaipur,26.894012,75.803225,432,10,130.333,3.31,391,10,125.5,3.12,,,,,,,432,391,823,Match drawn
74622,6725,Ranji Trophy 2023-24,Elite Group D,TEST,Men,2024-02-02,2024-02-05,2024,2,170,Baroda,BRD,81,Delhi,DEL,,Match drawn,Draw,,Palam A Stadium,Delhi,28.591533,77.133741,435,9,146.833,2.96,177,10,56.333,3.14,,,,68,1,34.0,435,177,680,Match drawn
74657,6725,Ranji Trophy 2023-24,Elite Group C,TEST,Men,2024-02-02,2024-02-05,2024,2,246,Railways,RLYS,128,Karnataka,KAR,Karnataka,KAR,Wickets,1,Lalabhai Contractor Stadium,Surat,21.155455,72.769226,155,10,56.0,2.77,174,10,50.833,3.42,244,10,72.0,229,9,82.667,155,174,802,Karnataka won by 1 wkt
74671,6725,Ranji Trophy 2023-24,Plate,TEST,Men,2024-02-02,2024-02-05,2024,2,463,Mizoram,MIZ,242,Hyderabad,HYD,Hyderabad,HYD,Runs,73,Rajiv Gandhi International Stadium,Hyderabad,17.406495,78.550451,199,10,56.0,3.55,465,9,118.333,3.93,193,10,43.167,,,,199,465,857,Hyderabad won by an innings and 73 runs
74576,6725,Ranji Trophy 2023-24,Elite Group C,TEST,Men,2024-02-02,2024-02-05,2024,2,253,Goa,GOA,92,Tamil Nadu,TN,Tamil Nadu,TN,Wickets,7,Goa Cricket Association Academy Ground,Porvorim,15.524168,73.829683,241,10,75.833,3.18,273,10,90.333,3.02,168,10,65.833,142,3,49.833,241,273,824,Tamil Nadu won by 7 wkts
74608,6725,Ranji Trophy 2023-24,Elite Group D,TEST,Men,2024-02-02,2024-02-05,2024,2,252,Jammu and Kashmir,JK,467,Uttarakhand,UTK,,Match drawn,Draw,,Hostel Ground JKCA,Jammu,34.0900416,74.8124651,168,2,39.0,4.31,,,,,,,,,,,168,,168,Match drawn
74664,6725,Ranji Trophy 2023-24,Elite Group C,TEST,Men,2024-02-02,2024-02-05,2024,2,245,Punjab,PUN,595,Chandigarh,CDG,,Match drawn,Draw,,Sector 16 Stadium,Chandigarh,30.741797,76.774915,477,2,107.0,4.46,,,,,,,,,,,477,,477,Match drawn
74646,6725,Ranji Trophy 2023-24,Elite Group B,TEST,Men,2024-02-02,2024-02-05,2024,2,244,Kerala,KER,375,Chhattisgarh,CG,,Match drawn,Draw,,Shaheed Veer Narayan Singh International Stadium,Raipur,21.203523,81.823929,350,10,110.167,3.18,312,10,103.0,3.03,251,5,55.333,79,1,22.0,350,312,992,Match drawn
74636,6725,Ranji Trophy 2023-24,Elite Group D,TEST,Men,2024-02-02,2024-02-05,2024,2,249,Odisha,ODSA,465,Puducherry,PDC,,Match drawn,Draw,,Barabati Stadium,Cuttack,20.481065,85.868545,300,5,113.0,2.65,284,10,86.333,3.29,201,10,68.0,175,8,56.0,300,284,960,Match drawn
74667,6725,Ranji Trophy 2023-24,Plate,TEST,Men,2024-02-02,2024-02-05,2024,2,468,Arunachal Pradesh,ARNP,464,Nagaland,NGL,Nagaland,NGL,Runs,38,"Nagaland Cricket Stadium, Sovima",Dimapur,25.807779,93.742126,124,10,39.167,3.17,342,10,81.333,4.2,180,10,65.5,,,,124,342,646,Nagaland won by an innings and 38 runs
74643,6725,Ranji Trophy 2023-24,Elite Group B,TEST,Men,2024-02-02,2024-02-05,2024,2,460,Bihar,BIH,241,Andhra,AP,Andhra,AP,Runs,157,Moin-ul-Haq Stadium,Patna,25.607925,85.167619,182,10,86.833,2.1,463,10,119.333,3.88,124,10,51.167,,,,182,463,769,Andhra won by an innings and 157 runs
74629,6725,Ranji Trophy 2023-24,Elite Group B,TEST,Men,2024-02-02,2024-02-05,2024,2,95,Mumbai,MUM,232,Bengal,BEN,Mumbai,MUM,Runs,4,Eden Gardens,Kolkata,22.564527,88.343247,412,10,94.5,4.36,199,10,56.0,3.55,,,,209,10,59.667,412,199,820,Mumbai won by an innings and 4 runs
74594,6725,Ranji Trophy 2023-24,Elite Group A,TEST,Men,2024-02-02,2024-02-05,2024,2,461,Manipur,MNP,243,Jharkhand,JHKD,Jharkhand,JHKD,Runs,102,Keenan Stadium,Jamshedpur,22.805692,86.19144,170,10,62.667,2.71,504,5,119.167,4.23,232,10,93.5,,,,170,504,906,Jharkhand won by an innings and 102 runs
74674,6725,Ranji Trophy 2023-24,Plate,TEST,Men,2024-02-02,2024-02-05,2024,2,466,Sikkim,SKM,462,Meghalaya,MGLY,Meghalaya,MGLY,Wickets,6,SICA ground,Rangpo,27.177401,88.530701,284,10,95.333,2.98,191,10,51.167,3.73,80,10,31.667,177,4,50.333,284,191,732,Meghalaya won by 6 wkts
79536,7009,The Ford Trophy 2023-24,28th Match,ODI,Men,2024-02-17,2024-02-18,2024,2,314,Wellington,WEL,105,Otago,OTG,Otago,OTG,Wickets,8,John Davies Oval,Queenstown,-45.016205,168.738638,57,10,22.5,2.53,60,2,9.833,6.1,,,,,,,57,60,117,Otago won by 8 wkts
79543,7009,The Ford Trophy 2023-24,29th Match,ODI,Men,2024-02-17,2024-02-18,2024,2,294,Northern Knights,NK,312,Canterbury,CNTBRY,Canterbury,CNTBRY,Wickets,8,Bay Oval,Mount Maunganui,-37.6703,176.212006,160,10,44.833,3.57,164,2,36.0,4.56,,,,,,,160,164,324,Canterbury won by 8 wkts
79546,7009,The Ford Trophy 2023-24,30th Match,ODI,Men,2024-02-17,2024-02-18,2024,2,313,Central Districts,CD,186,Auckland,AKL,Auckland,AKL,Wickets,5,Eden Park Outer Oval,Auckland,-36.874039,174.745636,243,10,49.667,4.89,247,5,48.833,5.06,,,,,,,243,247,490,Auckland won by 5 wkts
79524,7009,The Ford Trophy 2023-24,25th Match,ODI,Men,2024-02-13,2024-02-14,2024,2,294,Northern Knights,NK,105,Otago,OTG,Otago,OTG,Wickets,6,John Davies Oval,Queenstown,-45.016205,168.738638,184,10,48.167,3.82,187,4,39.167,4.77,,,,,,,184,187,371,Otago won by 6 wkts
79529,7009,The Ford Trophy 2023-24,26th Match,ODI,Men,2024-02-13,2024-02-14,2024,2,312,Canterbury,CNTBRY,313,Central Districts,CD,Canterbury,CNTBRY,Runs,183,Hagley Oval,Christchurch,-43.535831,172.624863,349,8,50.0,6.98,166,10,39.333,4.22,,,,,,,349,166,515,Canterbury won by 183 runs
79531,7009,The Ford Trophy 2023-24,27th Match,ODI,Men,2024-02-13,2024-02-14,2024,2,314,Wellington,WEL,186,Auckland,AKL,Auckland,AKL,Wickets,4,Basin Reserve,Wellington,-41.16172,175.323914,285,8,50.0,5.7,289,6,50.0,5.78,,,,,,,285,289,574,Auckland won by 4 wkts
79517,7009,The Ford Trophy 2023-24,24th Match,ODI,Men,2024-02-10,2024-02-10,2024,2,312,Canterbury,CNTBRY,294,Northern Knights,NK,,No Result,Other,,Hagley Oval,Christchurch,-43.535831,172.624863,273,10,49.5,5.52,29,2,10.0,2.9,,,,,,,273,29,302,No result
79510,7009,The Ford Trophy 2023-24,22nd Match,ODI,Men,2024-02-09,2024-02-10,2024,2,105,Otago,OTG,314,Wellington,WEL,Otago,OTG,Runs,15,Basin Reserve,Wellington,-41.16172,175.323914,226,10,44.667,5.06,211,10,48.167,4.38,,,,,,,226,211,437,Otago won by 15 runs
79515,7009,The Ford Trophy 2023-24,23rd Match,ODI,Men,2024-02-09,2024-02-10,2024,2,186,Auckland,AKL,313,Central Districts,CD,Central Districts,CD,Wickets,6,McLean Park,Napier,-39.50178,176.913015,233,10,49.167,4.74,234,4,49.167,4.76,,,,,,,233,234,467,Central Districts won by 6 wkts
79494,7009,The Ford Trophy 2023-24,19th Match,ODI,Men,2024-02-05,2024-02-06,2024,2,105,Otago,OTG,313,Central Districts,CD,Otago,OTG,Runs,65,University Oval,Dunedin,-45.874401,170.505005,213,9,50.0,4.26,148,10,37.833,3.91,,,,,,,213,148,361,Otago won by 65 runs
79501,7009,The Ford Trophy 2023-24,20th Match,ODI,Men,2024-02-05,2024-02-06,2024,2,312,Canterbury,CNTBRY,186,Auckland,AKL,Canterbury,CNTBRY,Runs,119,Eden Park Outer Oval,Auckland,-36.874039,174.745636,287,7,50.0,5.74,168,10,40.0,4.2,,,,,,,287,168,455,Canterbury won by 119 runs
79508,7009,The Ford Trophy 2023-24,21st Match,ODI,Men,2024-02-05,2024-02-06,2024,2,314,Wellington,WEL,294,Northern Knights,NK,Wellington,WEL,Runs,45,Basin Reserve,Wellington,-41.16172,175.323914,330,8,50.0,6.6,285,10,49.0,5.82,,,,,,,330,285,615,Wellington won by 45 runs
83050,7261,CSA Four-Day Series Division One 2023-24,23rd Match,TEST,Men,2024-02-14,2024-02-17,2024,2,1759,Boland,BOL,157,Lions,LIONS,,Match drawn,Draw,,The Wanderers Stadium,Johannesburg,-26.131141,28.057397,226,10,83.167,2.72,478,10,128.833,3.71,475,9,142.0,,,,226,478,1179,Match drawn
83036,7261,CSA Four-Day Series Division One 2023-24,21st Match,TEST,Men,2024-02-14,2024-02-17,2024,2,917,Western Province,WPR,155,Warriors,WAR,Western Province,WPR,Runs,64,St George's Park,Gqeberha,-33.966545,25.610332,141,10,42.667,3.3,111,10,31.0,3.58,203,10,59.167,169,10,57.0,141,111,624,Western Province won by 64 runs
83053,7261,CSA Four-Day Series Division One 2023-24,24th Match,TEST,Men,2024-02-14,2024-02-17,2024,2,90,Dolphins,DOL,922,North West,NWEST,,Complete,Wickets,10,North-West University No1 Ground,Potchefstroom,-26.71453,27.097048,643,8,119.167,5.4,282,10,87.833,3.21,8,,2.167,366,10,101.0,643,282,1299,Dolphins won by 10 wkts
83043,7261,CSA Four-Day Series Division One 2023-24,22nd Match,TEST,Men,2024-02-14,2024-02-17,2024,2,1766,KwaZulu-Natal Inland,KZNIN,89,Titans,TIT,,Match drawn,Draw,,City Oval,Pietermaritzburg,-29.551181,30.407238,426,10,159.0,2.68,252,1,70.0,3.6,,,,,,,426,252,678,Match drawn
79272,6990,Sheffield Shield 2023-24,24th Match,TEST,Men,2024-02-16,2024-02-19,2024,2,158,South Australia,SAUS,164,Queensland,QL,Queensland,QL,Wickets,7,Karen Rolton Oval,"Adelaide, South Australia",-34.9191215,138.5815232,132,10,40.5,3.26,159,10,50.833,3.13,232,10,72.0,206,3,63.5,132,159,729,Queensland won by 7 wkts
79251,6990,Sheffield Shield 2023-24,21st Match,TEST,Men,2024-02-03,2024-02-06,2024,2,87,Western Australia,WA,104,New South Wales,NSW,New South Wales,NSW,Wickets,4,W.A.C.A. Ground,Perth,-31.959806,115.879585,256,10,88.0,2.91,251,10,99.667,2.52,176,10,56.833,182,6,59.5,256,251,865,New South Wales won by 4 wkts
79244,6990,Sheffield Shield 2023-24,20th Match,TEST,Men,2024-02-03,2024-02-06,2024,2,164,Queensland,QL,166,Tasmania,TAS,Tasmania,TAS,Wickets,4,The Gabba,Brisbane,-27.485829,153.038055,282,10,84.667,3.33,219,10,59.667,3.67,160,10,57.333,228,6,56.5,282,219,889,Tasmania won by 4 wkts
79237,6990,Sheffield Shield 2023-24,19th Match,TEST,Men,2024-02-02,2024-02-06,2024,2,158,South Australia,SAUS,52,Victoria,VIC,Victoria,VIC,Wickets,3,Junction Oval,Melbourne,-37.856007,144.980155,173,10,70.5,2.45,288,10,88.5,3.25,271,10,83.333,157,7,44.5,173,288,889,Victoria won by 3 wkts
87353,7441,"England Lions tour of India, 2024",3rd unofficial Test,TEST,Men,2024-02-01,2024-02-04,2024,2,78,India A,INDA,42,England Lions,ENGA,India A,INDA,Runs,134,Narendra Modi Stadium,Ahmedabad,23.091785,72.597465,192,10,50.333,3.81,199,10,64.5,3.09,409,10,107.167,268,10,72.667,192,199,1068,India A won by 134 runs
86728,7175,ICC Under 19 World Cup 2024,Final,ODI,Men,2024-02-11,2024-02-11,2024,2,129,Australia U19,AUSU19,54,India U19,INDU19,Australia U19,AUSU19,Runs,19,Willowmoore Park,Benoni,55.430751,-4.634697,253,7,50.0,5.06,174,10,43.833,3.97,,,,,,,253,174,427,Australia U19 won by 79 runs
86725,7175,ICC Under 19 World Cup 2024,Semi-Final 2,ODI,Men,2024-02-08,2024-02-08,2024,2,56,Pakistan U19,PAKU19,129,Australia U19,AUSU19,Australia U19,AUSU19,Wickets,19,Willowmoore Park,Benoni,55.430751,-4.634697,179,10,48.833,3.67,181,9,49.167,3.68,,,,,,,179,181,360,Australia U19 won by 1 wkt
86721,7175,ICC Under 19 World Cup 2024,Semi-Final 1,ODI,Men,2024-02-06,2024-02-06,2024,2,57,South Africa U19,RSAU19,54,India U19,INDU19,India U19,INDU19,Wickets,19,Willowmoore Park,Benoni,55.430751,-4.634697,244,7,50.0,4.88,248,8,48.833,5.08,,,,,,,244,248,492,India U19 won by 2 wkts
86714,7175,ICC Under 19 World Cup 2024,"38th Match, Super Six, Group 2",ODI,Men,2024-02-03,2024-02-03,2024,2,173,England U19,ENGU19,221,Zimbabwe U19,ZIMU19,England U19,ENGU19,Runs,19,Senwes Park,Potchefstroom,-26.695565,27.100691,237,7,50.0,4.74,91,10,24.833,3.66,,,,,,,237,91,328,England U19 won by 146 runs
86700,7175,ICC Under 19 World Cup 2024,"36th Match, Super Six, Group 1",ODI,Men,2024-02-03,2024-02-03,2024,2,56,Pakistan U19,PAKU19,224,Bangladesh U19,BANU19,Pakistan U19,PAKU19,Runs,19,Willowmoore Park,Benoni,55.430751,-4.634697,155,10,40.667,3.81,150,10,35.833,4.19,,,,,,,155,150,305,Pakistan U19 won by 5 runs
86707,7175,ICC Under 19 World Cup 2024,"37th Match, Super Six, Group 1",ODI,Men,2024-02-03,2024-02-03,2024,2,226,Ireland U19,IREU19,55,New Zealand U19,NZU19,Ireland U19,IREU19,Runs,19,Mangaung Oval,Bloemfontein,-29.116752,26.20519,267,9,50.0,5.34,131,5,32.167,4.07,,,,,,,267,131,398,Ireland U19 won by 41 runs (DLS method)
79207,6983,Australia Domestic One-Day Cup 2023-24,21st Match,ODI,Men,2024-02-14,2024-02-14,2024,2,52,Victoria,VIC,104,New South Wales,NSW,New South Wales,NSW,Wickets,7,North Sydney Oval,Sydney,-33.86882,151.209296,311,10,48.667,6.39,256,3,40.833,6.27,,,,,,,311,256,567,New South Wales won by 7 wkts (DLS method)
79200,6983,Australia Domestic One-Day Cup 2023-24,19th Match,ODI,Men,2024-02-14,2024-02-14,2024,2,164,Queensland,QL,158,South Australia,SAUS,South Australia,SAUS,Wickets,5,Karen Rolton Oval,"Adelaide, South Australia",-34.9191215,138.5815232,218,10,49.667,4.39,223,5,44.167,5.05,,,,,,,218,223,441,South Australia won by 5 wkts
79203,6983,Australia Domestic One-Day Cup 2023-24,20th Match,ODI,Men,2024-02-14,2024-02-14,2024,2,166,Tasmania,TAS,87,Western Australia,WA,Western Australia,WA,Runs,52,Bellerive Oval,Hobart,-42.877296,147.374013,268,10,36.333,7.38,320,4,50.0,6.4,,,,,,,268,320,588,Western Australia won by 52 runs
79186,6983,Australia Domestic One-Day Cup 2023-24,18th Match,ODI,Men,2024-02-08,2024-02-08,2024,2,164,Queensland,QL,166,Tasmania,TAS,Tasmania,TAS,Wickets,5,The Gabba,Brisbane,-27.485829,153.038055,150,10,35.5,4.23,153,5,27.0,5.67,,,,,,,150,153,303,Tasmania won by 5 wkts
79193,6983,Australia Domestic One-Day Cup 2023-24,17th Match,ODI,Men,2024-02-07,2024-02-08,2024,2,158,South Australia,SAUS,52,Victoria,VIC,Victoria,VIC,Wickets,3,Junction Oval,Melbourne,-37.856007,144.980155,231,9,50.0,4.62,234,7,44.167,5.3,,,,,,,231,234,465,Victoria won by 3 wkts
82553,7236,CSA Four-Day Series Division Two 2023-24,17th Match,TEST,Men,2024-02-08,2024-02-11,2024,2,1768,South Western Districts,SWD,281,Knights,KNG,Knights,KNG,Wickets,9,Mangaung Oval,Bloemfontein,-29.116752,26.20519,69,10,32.167,2.15,214,10,56.333,3.8,273,10,70.333,129,1,21.833,69,214,685,Knights won by 9 wkts
82560,7236,CSA Four-Day Series Division Two 2023-24,18th Match,TEST,Men,2024-02-08,2024-02-11,2024,2,903,Mpumalanga Rhinos,MPR,933,Eastern Storm,ESTORM,Mpumalanga Rhinos,MPR,Runs,293,"Uplands College, White River",Mpumalanga,-25.32844,31.01778,273,10,95.0,2.87,193,10,56.667,3.41,321,5,68.333,108,10,64.333,273,193,895,Mpumalanga Rhinos won by 293 runs
82546,7236,CSA Four-Day Series Division Two 2023-24,16th Match,TEST,Men,2024-02-08,2024-02-11,2024,2,923,Northern Cape,NCAPE,1775,Border,BOR,,Match drawn,Draw,,Buffalo Park,East London,-33.006727,27.919465,527,5,163.833,3.22,516,7,166.833,3.09,,,,,,,527,516,1043,Match drawn
82539,7236,CSA Four-Day Series Division Two 2023-24,15th Match,TEST,Men,2024-02-01,2024-02-04,2024,2,281,Knights,KNG,1775,Border,BOR,Border,BOR,Wickets,9,Buffalo Park,East London,-33.006727,27.919465,363,10,81.333,4.46,483,10,141.0,3.43,235,10,81.0,119,1,31.333,363,483,1200,Border won by 9 wkts
88982,7539,"Kuwait Women tour of Malaysia, 2024",3rd T20I,T20,Women,2024-02-06,2024-02-06,2024,2,1097,Kuwait Women,KUWW,445,Malaysia Women,MLYW,Malaysia Women,MLYW,Wickets,10,Johor Cricket Academy Oval,Johor Bahru,1.51634,103.64003,77,10,20.0,3.85,78,,13.667,5.71,,,,,,,77,78,155,Malaysia Women won by 10 wkts
88975,7539,"Kuwait Women tour of Malaysia, 2024",2nd T20I,T20,Women,2024-02-05,2024-02-05,2024,2,1097,Kuwait Women,KUWW,445,Malaysia Women,MLYW,Malaysia Women,MLYW,Wickets,5,Johor Cricket Academy Oval,Johor Bahru,1.51634,103.64003,98,7,20.0,4.9,99,5,15.667,6.32,,,,,,,98,99,197,Malaysia Women won by 5 wkts
88968,7539,"Kuwait Women tour of Malaysia, 2024",1st T20I,T20,Women,2024-02-04,2024-02-04,2024,2,445,Malaysia Women,MLYW,1097,Kuwait Women,KUWW,Malaysia Women,MLYW,Runs,26,Johor Cricket Academy Oval,Johor Bahru,1.51634,103.64003,108,6,20.0,5.4,82,7,20.0,4.1,,,,,,,108,82,190,Malaysia Women won by 26 runs
70473,6311,"South Africa Women tour of Australia, 2024",Only Test,TEST,Women,2024-02-15,2024-02-18,2024,2,260,South Africa Women,RSAW,100,Australia Women,AUSW,Australia Women,AUSW,Runs,284,W.A.C.A. Ground,Perth,-31.959806,115.879585,76,10,31.333,2.43,575,9,125.333,4.59,215,10,97.333,,,,76,575,866,Australia Women won by an innings and 284 runs
70466,6311,"South Africa Women tour of Australia, 2024",3rd ODI (ICC Championship Match),ODI,Women,2024-02-10,2024-02-10,2024,2,100,Australia Women,AUSW,260,South Africa Women,RSAW,Australia Women,AUSW,Runs,110,North Sydney Oval,Sydney,-33.86882,151.209296,277,9,50.0,5.54,127,10,24.5,5.18,,,,,,,277,127,404,Australia Women won by 110 runs (DLS method)
70459,6311,"South Africa Women tour of Australia, 2024",2nd ODI (ICC Championship Match),ODI,Women,2024-02-07,2024-02-07,2024,2,260,South Africa Women,RSAW,100,Australia Women,AUSW,South Africa Women,RSAW,Runs,84,North Sydney Oval,Sydney,-33.86882,151.209296,229,6,45.0,5.09,149,10,29.5,5.05,,,,,,,229,149,378,South Africa Women won by 84 runs - 45over game - DLS method (Target 234)
70452,6311,"South Africa Women tour of Australia, 2024",1st ODI (ICC Championship Match),ODI,Women,2024-02-03,2024-02-03,2024,2,260,South Africa Women,RSAW,100,Australia Women,AUSW,Australia Women,AUSW,Wickets,8,Adelaide Oval,Adelaide,-34.915516,138.596115,105,10,31.5,3.33,106,2,19.0,5.58,,,,,,,105,106,211,Australia Women won by 8 wkts
89238,7565,Asian Cricket Council Womens Premier Cup 2024,Final,T20,Women,2024-02-18,2024-02-18,2024,2,449,United Arab Emirates Women,UAEW,445,Malaysia Women,MLYW,United Arab Emirates Women,UAEW,Runs,37,Bayuemas Oval,Kuala Lumpur,2.819586,101.5199,105,3,20.0,5.25,68,9,20.0,3.4,,,,,,,105,68,173,United Arab Emirates Women won by 37 runs
89234,7565,Asian Cricket Council Womens Premier Cup 2024,Semi Final 2,T20,Women,2024-02-16,2024-02-16,2024,2,383,Nepal Women,NEPW,445,Malaysia Women,MLYW,Malaysia Women,MLYW,Wickets,4,Bayuemas Oval,Kuala Lumpur,2.819586,101.5199,115,6,20.0,5.75,116,6,19.833,5.85,,,,,,,115,116,231,Malaysia Women won by 4 wkts
89231,7565,Asian Cricket Council Womens Premier Cup 2024,Semi Final 1,T20,Women,2024-02-16,2024-02-16,2024,2,449,United Arab Emirates Women,UAEW,382,Thailand Women,THAIW,United Arab Emirates Women,UAEW,Runs,4,Bayuemas Oval,Kuala Lumpur,2.819586,101.5199,70,7,20.0,3.5,66,10,19.333,3.41,,,,,,,70,66,136,United Arab Emirates Women won by 4 runs
89224,7565,Asian Cricket Council Womens Premier Cup 2024,3rd quarter final,T20,Women,2024-02-14,2024-02-14,2024,2,445,Malaysia Women,MLYW,487,Japan Women,JPNW,Malaysia Women,MLYW,Runs,16,Bayuemas Oval,Kuala Lumpur,2.819586,101.5199,101,3,20.0,5.05,85,7,20.0,4.25,,,,,,,101,85,186,Malaysia Women won by 16 runs
89227,7565,Asian Cricket Council Womens Premier Cup 2024,4th quarter final,T20,Women,2024-02-14,2024-02-14,2024,2,1097,Kuwait Women,KUWW,383,Nepal Women,NEPW,Nepal Women,NEPW,Wickets,8,YSD-UKM Cricket Oval,Bangi,2.9348189,101.7823779,73,9,20.0,3.65,50,2,6.833,7.32,,,,,,,73,50,123,Nepal Women won by 8 wkts - Match Reduced to 12 Overs due to rain (Target : 50)
89213,7565,Asian Cricket Council Womens Premier Cup 2024,1st quarter final,T20,Women,2024-02-14,2024-02-14,2024,2,502,Hong Kong Women,HKW,382,Thailand Women,THAIW,Thailand Women,THAIW,Wickets,3,Bayuemas Oval,Kuala Lumpur,2.819586,101.5199,92,8,20.0,4.6,93,7,19.167,4.85,,,,,,,92,93,185,Thailand Women won by 3 wkts
89217,7565,Asian Cricket Council Womens Premier Cup 2024,2nd quarter final,T20,Women,2024-02-14,2024-02-14,2024,2,449,United Arab Emirates Women,UAEW,484,Indonesia Women,IDNW,United Arab Emirates Women,UAEW,Runs,56,YSD-UKM Cricket Oval,Bangi,2.9348189,101.7823779,122,6,20.0,6.1,66,6,20.0,3.3,,,,,,,122,66,188,United Arab Emirates Women won by 56 runs
89192,7565,Asian Cricket Council Womens Premier Cup 2024,"21st Mach, Group A",T20,Women,2024-02-13,2024-02-13,2024,2,382,Thailand Women,THAIW,509,Singapore Women,SINW,Thailand Women,THAIW,Runs,86,Royal Selangor Club,Kuala Lumpur,3.1495091,101.6907603,162,5,20.0,8.1,76,10,18.833,4.04,,,,,,,162,76,238,Thailand Women won by 86 runs
89206,7565,Asian Cricket Council Womens Premier Cup 2024,"24th Match, Group D",T20,Women,2024-02-13,2024-02-13,2024,2,383,Nepal Women,NEPW,1444,Maldives Women,MDVW,Nepal Women,NEPW,Runs,214,YSD-UKM Cricket Oval,Bangi,2.9348189,101.7823779,227,4,20.0,11.35,13,10,13.833,0.94,,,,,,,227,13,240,Nepal Women won by 214 runs
89199,7565,Asian Cricket Council Womens Premier Cup 2024,"22nd Match, Group B",T20,Women,2024-02-13,2024-02-13,2024,2,487,Japan Women,JPNW,449,United Arab Emirates Women,UAEW,United Arab Emirates Women,UAEW,Wickets,10,Selangor Turf Club,Kuala Lumpur,3.0446268,101.3394008,67,7,20.0,3.35,68,,10.5,6.48,,,,,,,67,68,135,United Arab Emirates Women won by 10 wkts
89203,7565,Asian Cricket Council Womens Premier Cup 2024,"23rd Match, Group C",T20,Women,2024-02-13,2024-02-13,2024,2,485,Qatar Women,QATW,484,Indonesia Women,IDNW,Indonesia Women,IDNW,Wickets,9,Bayuemas Oval,Kuala Lumpur,2.819586,101.5199,67,9,20.0,3.35,70,1,12.167,5.75,,,,,,,67,70,137,Indonesia Women won by 9 wkts
89175,7565,Asian Cricket Council Womens Premier Cup 2024,"18th Match, Group B",T20,Women,2024-02-13,2024-02-13,2024,2,505,Oman Women,OMANW,486,China Women,CHNW,China Women,CHNW,Wickets,8,Selangor Turf Club,Kuala Lumpur,3.0446268,101.3394008,56,10,19.667,2.85,59,2,13.333,4.42,,,,,,,56,59,115,China Women won by 8 wkts
89178,7565,Asian Cricket Council Womens Premier Cup 2024,"19th Match, Group C",T20,Women,2024-02-13,2024-02-13,2024,2,445,Malaysia Women,MLYW,1083,Bahrain Women,BHRW,Malaysia Women,MLYW,Runs,126,Bayuemas Oval,Kuala Lumpur,2.819586,101.5199,188,3,20.0,9.4,62,10,17.0,3.65,,,,,,,188,62,250,Malaysia Women won by 126 runs
89168,7565,Asian Cricket Council Womens Premier Cup 2024,"17th Match, Group A",T20,Women,2024-02-13,2024-02-13,2024,2,1097,Kuwait Women,KUWW,1517,Myanmar Women,MMRW,Kuwait Women,KUWW,Runs,27,Royal Selangor Club,Kuala Lumpur,3.1495091,101.6907603,125,8,20.0,6.25,98,8,20.0,4.9,,,,,,,125,98,223,Kuwait Women won by 27 runs
89185,7565,Asian Cricket Council Womens Premier Cup 2024,"20th Match, Group D",T20,Women,2024-02-13,2024-02-13,2024,2,502,Hong Kong Women,HKW,1090,Bhutan Women,BTNW,Hong Kong Women,HKW,Runs,72,YSD-UKM Cricket Oval,Bangi,2.9348189,101.7823779,160,3,20.0,8.0,88,7,20.0,4.4,,,,,,,160,88,248,Hong Kong Women won by 72 runs
89143,7565,Asian Cricket Council Womens Premier Cup 2024,"13th Match, Group A",T20,Women,2024-02-11,2024-02-11,2024,2,509,Singapore Women,SINW,1517,Myanmar Women,MMRW,Myanmar Women,MMRW,Wickets,5,YSD-UKM Cricket Oval,Bangi,2.9348189,101.7823779,87,8,20.0,4.35,88,5,14.5,6.07,,,,,,,87,88,175,Myanmar Women won by 5 wkts
89161,7565,Asian Cricket Council Womens Premier Cup 2024,"16th Match, Group D",T20,Women,2024-02-11,2024-02-11,2024,2,502,Hong Kong Women,HKW,1444,Maldives Women,MDVW,Hong Kong Women,HKW,Runs,172,Bayuemas Oval,Kuala Lumpur,2.819586,101.5199,222,1,20.0,11.1,50,10,15.667,3.19,,,,,,,222,50,272,Hong Kong Women won by 172 runs
89150,7565,Asian Cricket Council Womens Premier Cup 2024,"14th Match, Group B",T20,Women,2024-02-11,2024-02-11,2024,2,486,China Women,CHNW,487,Japan Women,JPNW,Japan Women,JPNW,Wickets,4,Royal Selangor Club,Kuala Lumpur,3.1495091,101.6907603,75,10,19.833,3.78,76,6,18.5,4.11,,,,,,,75,76,151,Japan Women won by 4 wkts
89157,7565,Asian Cricket Council Womens Premier Cup 2024,"15th Match, Group C",T20,Women,2024-02-11,2024-02-11,2024,2,445,Malaysia Women,MLYW,485,Qatar Women,QATW,Malaysia Women,MLYW,Runs,39,Selangor Turf Club,Kuala Lumpur,3.0446268,101.3394008,115,9,20.0,5.75,76,10,19.667,3.86,,,,,,,115,76,191,Malaysia Women won by 39 runs
89126,7565,Asian Cricket Council Womens Premier Cup 2024,"10th Match, Group B",T20,Women,2024-02-11,2024-02-11,2024,2,449,United Arab Emirates Women,UAEW,505,Oman Women,OMANW,United Arab Emirates Women,UAEW,Runs,148,Royal Selangor Club,Kuala Lumpur,3.1495091,101.6907603,176,1,20.0,8.8,28,10,13.0,2.15,,,,,,,176,28,204,United Arab Emirates Women won by 148 runs
89129,7565,Asian Cricket Council Womens Premier Cup 2024,"11th Match, Group C",T20,Women,2024-02-11,2024-02-11,2024,2,484,Indonesia Women,IDNW,1083,Bahrain Women,BHRW,Indonesia Women,IDNW,Runs,88,Selangor Turf Club,Kuala Lumpur,3.0446268,101.3394008,129,5,20.0,6.45,41,10,16.5,2.48,,,,,,,129,41,170,Indonesia Women won by 88 runs
89122,7565,Asian Cricket Council Womens Premier Cup 2024,"9th Match, Group A",T20,Women,2024-02-11,2024-02-11,2024,2,382,Thailand Women,THAIW,1097,Kuwait Women,KUWW,Thailand Women,THAIW,Runs,96,YSD-UKM Cricket Oval,Bangi,2.9348189,101.7823779,177,2,20.0,8.85,81,9,20.0,4.05,,,,,,,177,81,258,Thailand Women won by 96 runs
89136,7565,Asian Cricket Council Womens Premier Cup 2024,"12th Match, Group D",T20,Women,2024-02-11,2024-02-11,2024,2,1090,Bhutan Women,BTNW,383,Nepal Women,NEPW,Nepal Women,NEPW,Wickets,8,Bayuemas Oval,Kuala Lumpur,2.819586,101.5199,65,4,20.0,3.25,66,2,11.833,5.58,,,,,,,65,66,131,Nepal Women won by 8 wkts
89112,7565,Asian Cricket Council Womens Premier Cup 2024,"7th Match, Group C",T20,Women,2024-02-10,2024-02-10,2024,2,1083,Bahrain Women,BHRW,485,Qatar Women,QATW,Qatar Women,QATW,Wickets,7,Royal Selangor Club,Kuala Lumpur,3.1495091,101.6907603,61,10,17.167,3.55,62,3,9.833,6.31,,,,,,,61,62,123,Qatar Women won by 7 wkts
89098,7565,Asian Cricket Council Womens Premier Cup 2024,"5th Match, Group A",T20,Women,2024-02-10,2024-02-10,2024,2,509,Singapore Women,SINW,1097,Kuwait Women,KUWW,Kuwait Women,KUWW,Wickets,10,Bayuemas Oval,Kuala Lumpur,2.819586,101.5199,89,6,20.0,4.45,92,,13.667,6.73,,,,,,,89,92,181,Kuwait Women won by 10 wkts
89115,7565,Asian Cricket Council Womens Premier Cup 2024,"8th Match, Group D",T20,Women,2024-02-10,2024-02-10,2024,2,1090,Bhutan Women,BTNW,1444,Maldives Women,MDVW,Bhutan Women,BTNW,Runs,94,Selangor Turf Club,Kuala Lumpur,3.0446268,101.3394008,124,8,20.0,6.2,30,10,18.167,1.65,,,,,,,124,30,154,Bhutan Women won by 94 runs
89105,7565,Asian Cricket Council Womens Premier Cup 2024,"6th Match, Group B",T20,Women,2024-02-10,2024-02-10,2024,2,487,Japan Women,JPNW,505,Oman Women,OMANW,Japan Women,JPNW,Runs,14,YSD-UKM Cricket Oval,Bangi,2.9348189,101.7823779,130,4,20.0,6.5,116,5,20.0,5.8,,,,,,,130,116,246,Japan Women won by 14 runs
89073,7565,Asian Cricket Council Womens Premier Cup 2024,"1st Match, Group A",T20,Women,2024-02-10,2024-02-10,2024,2,1517,Myanmar Women,MMRW,382,Thailand Women,THAIW,Thailand Women,THAIW,Wickets,10,Bayuemas Oval,Kuala Lumpur,2.819586,101.5199,32,10,16.667,1.92,34,,4.667,7.29,,,,,,,32,34,66,Thailand Women won by 10 wkts
89094,7565,Asian Cricket Council Womens Premier Cup 2024,"4th Match, Group D",T20,Women,2024-02-10,2024-02-10,2024,2,502,Hong Kong Women,HKW,383,Nepal Women,NEPW,Nepal Women,NEPW,Wickets,8,Selangor Turf Club,Kuala Lumpur,3.0446268,101.3394008,93,8,20.0,4.65,95,2,14.167,6.71,,,,,,,93,95,188,Nepal Women won by 8 wkts
89080,7565,Asian Cricket Council Womens Premier Cup 2024,"2nd Match, Group B",T20,Women,2024-02-10,2024-02-10,2024,2,449,United Arab Emirates Women,UAEW,486,China Women,CHNW,United Arab Emirates Women,UAEW,Runs,121,YSD-UKM Cricket Oval,Bangi,2.9348189,101.7823779,155,1,20.0,7.75,34,10,17.833,1.91,,,,,,,155,34,189,United Arab Emirates Women won by 121 runs
89087,7565,Asian Cricket Council Womens Premier Cup 2024,"3rd Match, Group C",T20,Women,2024-02-10,2024-02-10,2024,2,484,Indonesia Women,IDNW,445,Malaysia Women,MLYW,Malaysia Women,MLYW,Wickets,6,Royal Selangor Club,Kuala Lumpur,3.1495091,101.6907603,80,7,20.0,4.0,81,4,17.833,4.54,,,,,,,80,81,161,Malaysia Women won by 6 wkts
